review_id,employee_id,review_date,score,reviewer
1,433,2022-12-28,3,Manager 68
2,480,2022-12-06,5,Manager 40
3,356,2022-06-02,3,Manager 48
4,416,2023-07-03,4,Manager 54
5,183,2020-01-30,3,Manager 35
6,207,2020-10-07,4,Manager 95
7,256,2022-07-12,5,Manager 56
8,235,2023-06-14,5,Manager 89
9,442,2023-06-25,1,Manager 40
10,355,2021-01-02,4,Manager 77
11,3,2021-05-09,4,Manager 68
12,208,2022-11-14,2,Manager 46
13,197,2021-12-18,2,Manager 78
14,341,2022-10-13,2,Manager 13
15,125,2023-08-30,3,Manager 27
16,138,2021-08-28,2,Manager 6
17,339,2021-01-09,4,Manager 17
18,25,2021-09-30,3,Manager 36
19,68,2022-11-14,5,Manager 99
20,61,2023-09-19,1,Manager 81
21,29,2023-10-10,2,Manager 2
22,383,2020-04-25,5,Manager 77
23,19,2020-02-17,4,Manager 52
24,171,2020-04-08,1,Manager 66
25,450,2021-02-08,5,Manager 52
26,74,2023-05-22,1,Manager 92
27,61,2021-11-15,2,Manager 43
28,427,2022-06-21,4,Manager 90
29,153,2021-05-17,1,Manager 22
30,276,2022-06-12,5,Manager 55
31,48,2020-09-14,2,Manager 67
32,211,2022-04-23,2,Manager 99
33,343,2020-04-30,5,Manager 60
34,408,2022-03-20,5,Manager 58
35,139,2022-09-04,1,Manager 12
36,110,2020-02-23,3,Manager 88
37,482,2022-10-15,2,Manager 69
38,183,2023-09-16,1,Manager 84
39,28,2022-02-22,5,Manager 39
40,197,2020-08-28,1,Manager 13
41,191,2021-04-27,5,Manager 41
42,315,2022-10-09,4,Manager 57
43,389,2020-07-05,5,Manager 53
44,51,2021-10-17,5,Manager 12
45,149,2020-09-18,5,Manager 13
46,268,2022-08-10,3,Manager 74
47,50,2023-10-19,5,Manager 97
48,388,2021-05-05,2,Manager 57
49,246,2021-03-06,2,Manager 40
50,113,2020-08-26,1,Manager 80
51,170,2020-10-30,3,Manager 45
52,468,2020-10-24,1,Manager 35
53,166,2020-03-16,2,Manager 3
54,409,2023-09-18,2,Manager 5
55,14,2022-09-25,4,Manager 90
56,203,2021-10-03,5,Manager 11
57,288,2022-04-06,2,Manager 71
58,395,2020-10-09,1,Manager 56
59,189,2021-08-13,1,Manager 10
60,402,2020-03-12,5,Manager 34
61,155,2023-07-10,5,Manager 67
62,55,2021-12-03,4,Manager 72
63,182,2021-07-28,3,Manager 31
64,210,2022-09-26,1,Manager 75
65,376,2022-06-10,5,Manager 71
66,471,2020-01-12,1,Manager 66
67,75,2020-05-20,5,Manager 70
68,277,2020-01-17,2,Manager 41
69,428,2022-12-22,1,Manager 63
70,133,2020-09-09,2,Manager 32
71,343,2021-04-09,1,Manager 20
72,425,2021-01-10,3,Manager 57
73,59,2022-09-07,4,Manager 98
74,345,2021-06-03,2,Manager 50
75,489,2020-03-30,5,Manager 80
76,182,2021-12-20,3,Manager 25
77,458,2022-03-14,1,Manager 12
78,406,2022-03-06,2,Manager 71
79,339,2021-09-21,1,Manager 39
80,321,2023-04-13,1,Manager 17
81,64,2020-03-16,1,Manager 45
82,327,2022-07-14,4,Manager 11
83,260,2021-02-03,4,Manager 70
84,193,2022-08-27,5,Manager 23
85,143,2022-12-30,2,Manager 91
86,104,2023-04-18,3,Manager 70
87,460,2023-02-21,3,Manager 38
88,406,2023-11-05,3,Manager 2
89,214,2023-08-09,1,Manager 86
90,242,2022-03-07,4,Manager 84
91,431,2020-07-13,2,Manager 89
92,209,2020-08-15,1,Manager 79
93,93,2023-12-25,4,Manager 93
94,430,2023-12-30,4,Manager 72
95,142,2021-04-05,2,Manager 37
96,434,2021-09-09,2,Manager 49
97,404,2022-11-10,2,Manager 52
98,434,2020-03-04,1,Manager 33
99,112,2020-06-13,5,Manager 22
100,417,2020-01-27,2,Manager 5
101,375,2023-08-27,5,Manager 18
102,59,2022-10-08,1,Manager 38
103,43,2020-10-11,5,Manager 37
104,207,2020-10-07,3,Manager 94
105,268,2022-04-17,5,Manager 95
106,296,2022-04-10,2,Manager 64
107,118,2023-04-02,1,Manager 10
108,20,2022-07-06,2,Manager 79
109,222,2020-08-11,3,Manager 42
110,166,2022-02-22,2,Manager 48
111,131,2023-03-15,2,Manager 44
112,156,2022-08-22,2,Manager 82
113,184,2022-08-07,4,Manager 87
114,90,2022-11-19,3,Manager 97
115,94,2020-02-14,2,Manager 16
116,13,2021-04-15,2,Manager 54
117,461,2020-02-03,2,Manager 35
118,322,2021-10-14,1,Manager 98
119,293,2023-12-21,4,Manager 28
120,433,2022-04-09,1,Manager 2
121,230,2020-08-08,4,Manager 94
122,322,2021-06-17,2,Manager 13
123,292,2021-11-22,3,Manager 41
124,438,2023-10-22,5,Manager 80
125,26,2022-07-20,5,Manager 59
126,75,2022-04-20,2,Manager 69
127,456,2022-10-07,1,Manager 92
128,364,2021-08-04,3,Manager 53
129,424,2023-02-13,4,Manager 45
130,299,2020-08-26,2,Manager 20
131,150,2023-09-20,3,Manager 24
132,148,2021-03-16,3,Manager 61
133,8,2020-05-27,4,Manager 91
134,29,2022-10-29,3,Manager 94
135,296,2023-08-04,1,Manager 58
136,474,2021-01-22,1,Manager 27
137,414,2022-12-09,1,Manager 26
138,209,2022-07-04,3,Manager 7
139,128,2021-09-29,1,Manager 42
140,340,2020-10-04,4,Manager 47
141,116,2022-09-15,3,Manager 53
142,439,2023-08-16,5,Manager 59
143,144,2021-08-11,3,Manager 38
144,430,2021-10-10,4,Manager 69
145,318,2021-09-09,5,Manager 87
146,235,2020-05-14,3,Manager 92
147,7,2021-08-02,1,Manager 98
148,464,2023-03-16,2,Manager 53
149,45,2021-05-04,2,Manager 15
150,443,2021-04-22,1,Manager 96
151,239,2023-03-28,2,Manager 26
152,440,2021-01-18,2,Manager 48
153,432,2020-06-11,1,Manager 95
154,155,2021-03-16,1,Manager 19
155,181,2023-04-27,3,Manager 9
156,215,2021-02-18,3,Manager 64
157,88,2023-09-24,1,Manager 93
158,256,2023-04-19,4,Manager 54
159,73,2020-10-14,2,Manager 51
160,419,2020-07-05,3,Manager 39
161,179,2023-03-07,2,Manager 4
162,212,2020-05-09,5,Manager 3
163,293,2020-07-12,1,Manager 64
164,234,2020-11-11,4,Manager 29
165,465,2020-05-23,5,Manager 11
166,239,2020-01-16,5,Manager 97
167,223,2023-08-18,5,Manager 58
168,119,2021-02-26,1,Manager 75
169,313,2020-09-01,3,Manager 27
170,264,2022-07-15,1,Manager 97
171,207,2023-02-04,3,Manager 21
172,95,2023-01-16,5,Manager 39
173,373,2020-05-08,5,Manager 95
174,222,2022-06-25,4,Manager 46
175,366,2022-06-05,3,Manager 66
176,276,2020-12-06,5,Manager 91
177,380,2020-01-04,2,Manager 36
178,231,2023-09-12,4,Manager 75
179,309,2023-12-04,1,Manager 82
180,119,2020-11-01,4,Manager 65
181,268,2022-06-26,2,Manager 63
182,433,2021-08-29,3,Manager 99
183,273,2023-06-02,1,Manager 35
184,64,2023-10-03,1,Manager 31
185,298,2022-09-18,3,Manager 28
186,350,2020-11-16,4,Manager 1
187,413,2021-07-12,5,Manager 25
188,403,2023-04-19,4,Manager 43
189,494,2021-09-09,2,Manager 84
190,11,2021-12-11,5,Manager 67
191,98,2023-11-10,4,Manager 63
192,434,2023-02-05,3,Manager 51
193,71,2021-06-14,2,Manager 2
194,364,2021-02-13,2,Manager 82
195,58,2023-08-12,2,Manager 64
196,290,2022-03-28,5,Manager 74
197,251,2023-04-09,1,Manager 69
198,276,2023-09-16,5,Manager 9
199,50,2021-05-07,4,Manager 2
200,358,2023-05-03,1,Manager 34
201,216,2020-01-12,4,Manager 60
202,394,2020-07-13,1,Manager 61
203,416,2021-05-04,5,Manager 31
204,52,2022-03-05,2,Manager 10
205,271,2022-05-30,3,Manager 76
206,485,2020-06-30,2,Manager 36
207,84,2022-08-19,5,Manager 85
208,387,2021-10-17,1,Manager 49
209,293,2023-09-01,2,Manager 70
210,126,2021-11-24,5,Manager 49
211,296,2020-01-30,4,Manager 3
212,72,2023-01-24,3,Manager 74
213,296,2023-11-05,2,Manager 5
214,236,2022-02-16,1,Manager 90
215,56,2021-03-19,4,Manager 61
216,407,2020-10-24,5,Manager 85
217,360,2022-03-18,3,Manager 90
218,395,2022-04-24,1,Manager 26
219,110,2022-10-12,5,Manager 72
220,192,2023-10-16,5,Manager 5
221,392,2023-10-29,2,Manager 15
222,93,2021-07-07,2,Manager 16
223,350,2020-10-29,1,Manager 1
224,56,2021-02-24,5,Manager 16
225,60,2023-06-23,2,Manager 37
226,138,2023-06-14,3,Manager 3
227,39,2020-07-03,3,Manager 52
228,28,2021-04-12,5,Manager 47
229,49,2022-01-23,2,Manager 95
230,420,2020-12-28,1,Manager 13
231,125,2023-07-30,1,Manager 80
232,13,2020-12-01,1,Manager 55
233,480,2020-06-10,3,Manager 21
234,36,2023-03-29,2,Manager 66
235,101,2023-09-07,2,Manager 54
236,282,2020-01-12,3,Manager 27
237,86,2023-12-18,1,Manager 38
238,4,2023-01-01,1,Manager 90
239,223,2021-08-10,5,Manager 58
240,338,2020-07-19,4,Manager 62
241,448,2021-06-05,2,Manager 46
242,166,2021-05-19,2,Manager 89
243,383,2022-02-26,2,Manager 11
244,344,2022-11-28,4,Manager 72
245,383,2020-02-29,5,Manager 8
246,376,2021-07-31,4,Manager 97
247,471,2020-11-16,1,Manager 71
248,278,2023-12-29,1,Manager 64
249,130,2023-12-02,2,Manager 21
250,31,2022-07-11,3,Manager 72
251,375,2023-11-10,2,Manager 63
252,11,2021-07-22,3,Manager 85
253,476,2023-01-06,4,Manager 64
254,302,2023-05-02,1,Manager 20
255,96,2023-08-01,3,Manager 8
256,190,2021-06-10,4,Manager 58
257,453,2021-06-07,1,Manager 46
258,192,2021-09-04,3,Manager 31
259,486,2023-03-25,2,Manager 93
260,266,2023-09-25,2,Manager 9
261,424,2020-05-04,2,Manager 15
262,128,2022-05-20,4,Manager 94
263,238,2020-10-06,2,Manager 26
264,408,2022-07-05,5,Manager 10
265,355,2021-09-13,1,Manager 29
266,428,2022-04-25,4,Manager 80
267,112,2021-11-04,2,Manager 36
268,316,2023-02-25,1,Manager 84
269,446,2020-11-09,3,Manager 37
270,343,2020-11-27,2,Manager 86
271,145,2023-03-19,1,Manager 71
272,65,2020-02-05,5,Manager 23
273,247,2023-12-14,3,Manager 41
274,223,2022-11-11,5,Manager 93
275,479,2020-07-24,1,Manager 80
276,490,2021-09-30,5,Manager 28
277,313,2022-04-27,1,Manager 48
278,439,2023-10-11,1,Manager 38
279,106,2021-03-15,5,Manager 31
280,181,2021-12-29,1,Manager 14
281,184,2023-01-24,2,Manager 97
282,226,2022-07-29,1,Manager 73
283,265,2020-06-12,4,Manager 91
284,278,2020-05-27,1,Manager 88
285,397,2020-10-20,4,Manager 77
286,89,2020-07-13,1,Manager 90
287,176,2021-10-24,1,Manager 29
288,18,2021-04-24,5,Manager 51
289,371,2020-05-02,2,Manager 49
290,460,2023-11-24,2,Manager 43
291,424,2021-11-29,3,Manager 92
292,401,2022-08-22,5,Manager 92
293,399,2021-10-22,5,Manager 72
294,106,2023-02-01,2,Manager 87
295,271,2021-12-10,5,Manager 93
296,463,2021-01-30,2,Manager 5
297,319,2022-06-30,5,Manager 42
298,167,2023-09-22,1,Manager 7
299,13,2022-10-01,2,Manager 42
300,337,2023-03-11,2,Manager 36
301,32,2020-11-12,4,Manager 27
302,393,2023-11-25,5,Manager 58
303,40,2021-11-11,5,Manager 46
304,148,2023-08-26,2,Manager 66
305,218,2021-05-09,1,Manager 25
306,219,2021-07-09,1,Manager 73
307,469,2021-09-01,1,Manager 27
308,82,2020-04-18,5,Manager 1
309,333,2021-01-06,4,Manager 87
310,208,2022-05-04,2,Manager 74
311,201,2021-09-07,3,Manager 42
312,447,2022-02-06,4,Manager 52
313,332,2020-07-24,3,Manager 25
314,428,2022-04-26,4,Manager 54
315,38,2020-02-12,1,Manager 67
316,211,2022-05-14,5,Manager 6
317,444,2023-06-22,3,Manager 58
318,327,2023-08-03,4,Manager 70
319,249,2023-10-10,5,Manager 53
320,227,2022-02-23,3,Manager 66
321,48,2021-04-20,2,Manager 58
322,18,2020-03-23,4,Manager 82
323,400,2023-02-07,2,Manager 87
324,439,2020-07-08,1,Manager 2
325,295,2022-03-10,2,Manager 76
326,196,2022-07-24,2,Manager 22
327,187,2020-09-07,4,Manager 37
328,345,2020-10-17,1,Manager 20
329,224,2023-05-09,2,Manager 24
330,318,2020-11-21,5,Manager 84
331,488,2023-12-03,3,Manager 65
332,397,2022-04-16,2,Manager 65
333,365,2021-05-22,1,Manager 81
334,337,2021-12-31,2,Manager 1
335,497,2020-03-12,3,Manager 94
336,229,2023-06-24,1,Manager 3
337,390,2021-10-02,4,Manager 46
338,467,2022-07-28,1,Manager 55
339,77,2021-08-30,4,Manager 75
340,188,2021-07-19,1,Manager 88
341,346,2023-09-29,3,Manager 86
342,270,2020-02-23,3,Manager 64
343,95,2021-06-11,1,Manager 45
344,310,2021-09-02,2,Manager 26
345,132,2020-07-11,3,Manager 77
346,39,2020-02-27,4,Manager 65
347,72,2023-12-31,4,Manager 24
348,281,2023-02-08,5,Manager 74
349,333,2020-05-08,4,Manager 35
350,160,2021-12-06,5,Manager 24
351,187,2022-05-01,1,Manager 28
352,486,2023-09-11,1,Manager 80
353,191,2020-01-08,1,Manager 16
354,422,2020-01-29,2,Manager 59
355,120,2023-02-09,2,Manager 81
356,220,2022-08-04,5,Manager 54
357,53,2020-05-10,4,Manager 79
358,222,2020-07-06,4,Manager 16
359,451,2021-12-09,1,Manager 15
360,412,2023-10-19,3,Manager 98
361,131,2023-05-12,2,Manager 11
362,237,2020-07-30,2,Manager 65
363,246,2020-10-02,1,Manager 79
364,226,2023-01-01,2,Manager 90
365,208,2020-08-30,1,Manager 68
366,406,2023-01-30,5,Manager 43
367,96,2022-09-13,4,Manager 69
368,422,2021-11-15,3,Manager 99
369,200,2020-06-19,4,Manager 13
370,247,2021-10-14,4,Manager 10
371,72,2020-07-06,5,Manager 75
372,318,2023-01-14,2,Manager 82
373,185,2020-02-21,3,Manager 98
374,6,2020-04-20,2,Manager 41
375,206,2022-05-26,4,Manager 50
376,32,2022-12-02,1,Manager 87
377,99,2020-07-29,4,Manager 71
378,394,2023-05-08,2,Manager 59
379,387,2022-05-07,4,Manager 39
380,256,2021-09-18,1,Manager 3
381,187,2022-11-15,5,Manager 76
382,76,2020-10-25,2,Manager 7
383,177,2023-01-05,4,Manager 49
384,315,2022-07-12,2,Manager 26
385,287,2020-05-16,5,Manager 33
386,349,2022-11-09,4,Manager 48
387,255,2021-03-15,4,Manager 79
388,325,2020-07-29,2,Manager 2
389,190,2022-01-21,2,Manager 71
390,308,2021-03-10,1,Manager 32
391,345,2022-02-18,5,Manager 4
392,127,2023-05-15,1,Manager 20
393,425,2021-03-14,4,Manager 36
394,287,2021-10-27,2,Manager 32
395,254,2022-12-01,4,Manager 28
396,213,2021-02-14,4,Manager 77
397,250,2022-03-16,3,Manager 1
398,84,2021-09-01,3,Manager 60
399,487,2021-03-02,4,Manager 56
400,383,2023-07-22,2,Manager 35
401,406,2022-06-20,4,Manager 30
402,388,2022-07-30,3,Manager 54
403,13,2022-01-11,2,Manager 36
404,45,2023-10-24,4,Manager 55
405,127,2023-05-28,5,Manager 89
406,426,2023-06-09,5,Manager 80
407,114,2020-11-23,4,Manager 58
408,433,2020-02-21,2,Manager 83
409,276,2021-01-10,4,Manager 65
410,500,2020-09-19,4,Manager 69
411,205,2020-09-23,3,Manager 51
412,337,2020-12-24,5,Manager 22
413,438,2023-09-02,3,Manager 88
414,420,2023-09-09,3,Manager 53
415,481,2021-10-13,4,Manager 36
416,385,2023-12-15,3,Manager 68
417,399,2020-02-15,5,Manager 36
418,461,2021-08-22,3,Manager 52
419,273,2021-12-20,5,Manager 53
420,408,2023-07-16,3,Manager 82
421,58,2021-08-23,5,Manager 50
422,328,2021-01-15,3,Manager 80
423,498,2020-04-27,3,Manager 41
424,219,2020-04-25,2,Manager 18
425,109,2020-09-16,5,Manager 22
426,279,2023-01-03,5,Manager 66
427,174,2020-10-31,5,Manager 21
428,328,2020-01-07,1,Manager 44
429,264,2020-12-31,3,Manager 47
430,315,2021-06-06,5,Manager 39
431,474,2023-10-03,1,Manager 29
432,111,2024-01-01,2,Manager 54
433,187,2023-05-23,5,Manager 90
434,269,2021-03-04,5,Manager 85
435,423,2022-03-01,1,Manager 17
436,229,2022-01-16,3,Manager 80
437,497,2021-01-01,2,Manager 60
438,156,2020-11-08,5,Manager 31
439,473,2021-06-21,3,Manager 73
440,189,2022-07-09,2,Manager 95
441,272,2022-12-13,4,Manager 78
442,375,2022-05-14,4,Manager 49
443,2,2023-04-02,2,Manager 2
444,246,2022-02-20,1,Manager 48
445,210,2020-11-29,2,Manager 14
446,401,2022-03-08,2,Manager 59
447,286,2020-12-13,1,Manager 97
448,359,2020-09-29,1,Manager 99
449,13,2022-08-20,3,Manager 58
450,96,2021-12-20,3,Manager 58
451,498,2023-12-08,1,Manager 51
452,221,2021-05-14,4,Manager 84
453,238,2023-01-21,4,Manager 2
454,94,2021-11-15,2,Manager 41
455,338,2020-03-19,5,Manager 83
456,269,2021-09-13,2,Manager 82
457,171,2023-05-25,2,Manager 16
458,469,2022-08-04,5,Manager 4
459,94,2020-12-23,1,Manager 12
460,149,2021-09-09,4,Manager 29
461,112,2021-05-21,2,Manager 7
462,55,2023-04-19,5,Manager 14
463,337,2021-07-29,3,Manager 12
464,424,2023-06-23,2,Manager 99
465,467,2020-08-31,4,Manager 5
466,116,2021-05-20,1,Manager 81
467,143,2021-02-25,2,Manager 32
468,201,2023-09-05,2,Manager 74
469,180,2023-01-15,5,Manager 43
470,202,2020-08-04,3,Manager 81
471,364,2023-07-25,3,Manager 69
472,479,2022-10-05,1,Manager 45
473,53,2023-04-07,4,Manager 9
474,471,2020-11-25,1,Manager 49
475,384,2021-10-11,2,Manager 33
476,180,2021-01-25,2,Manager 18
477,414,2021-01-15,3,Manager 9
478,417,2023-08-22,4,Manager 62
479,313,2022-01-11,5,Manager 57
480,308,2022-03-30,4,Manager 29
481,137,2021-11-03,2,Manager 78
482,182,2021-05-27,5,Manager 25
483,367,2022-08-06,4,Manager 15
484,1,2023-04-26,4,Manager 6
485,44,2022-07-18,5,Manager 42
486,227,2022-07-01,2,Manager 29
487,331,2021-10-05,4,Manager 79
488,98,2021-03-02,5,Manager 93
489,208,2021-05-16,2,Manager 4
490,265,2021-12-30,5,Manager 82
491,288,2023-07-07,5,Manager 57
492,271,2020-03-11,4,Manager 49
493,140,2021-04-22,2,Manager 44
494,481,2023-04-16,4,Manager 80
495,237,2021-04-01,1,Manager 75
496,462,2020-07-07,1,Manager 14
497,441,2020-10-17,2,Manager 3
498,392,2022-07-08,5,Manager 62
499,72,2020-10-18,4,Manager 64
500,155,2022-01-25,4,Manager 45
501,190,2023-07-30,2,Manager 82
502,268,2021-01-11,2,Manager 58
503,321,2023-03-25,1,Manager 20
504,107,2021-05-22,3,Manager 58
505,232,2023-12-07,2,Manager 89
506,42,2021-06-11,3,Manager 57
507,190,2023-10-10,2,Manager 77
508,371,2021-07-12,5,Manager 68
509,139,2023-04-25,5,Manager 78
510,103,2022-11-20,1,Manager 97
511,171,2020-09-16,1,Manager 92
512,351,2021-02-24,3,Manager 52
513,273,2020-10-30,2,Manager 37
514,481,2022-07-30,4,Manager 8
515,416,2022-11-28,1,Manager 44
516,221,2021-06-25,4,Manager 98
517,213,2023-07-25,4,Manager 5
518,341,2023-05-11,2,Manager 69
519,424,2022-12-25,3,Manager 31
520,407,2020-04-17,2,Manager 45
521,56,2020-09-24,1,Manager 9
522,390,2020-08-09,4,Manager 32
523,342,2023-01-18,2,Manager 33
524,434,2021-11-23,2,Manager 67
525,102,2020-09-11,2,Manager 30
526,421,2020-09-09,1,Manager 76
527,493,2020-09-13,3,Manager 29
528,192,2021-01-17,2,Manager 3
529,499,2021-03-17,1,Manager 90
530,310,2021-08-21,4,Manager 57
531,200,2023-01-18,5,Manager 30
532,233,2021-01-24,1,Manager 9
533,433,2021-08-04,5,Manager 26
534,227,2022-12-03,2,Manager 2
535,371,2021-08-20,2,Manager 62
536,139,2020-01-19,1,Manager 3
537,344,2023-01-29,5,Manager 46
538,305,2021-08-29,2,Manager 68
539,149,2023-10-12,4,Manager 25
540,115,2020-02-02,3,Manager 51
541,450,2023-06-06,3,Manager 13
542,63,2022-05-11,2,Manager 44
543,104,2020-06-03,5,Manager 35
544,339,2023-12-17,2,Manager 55
545,359,2022-06-23,5,Manager 87
546,156,2023-06-23,4,Manager 9
547,273,2021-02-08,5,Manager 2
548,6,2022-04-23,2,Manager 61
549,147,2023-03-30,4,Manager 41
550,184,2022-01-16,1,Manager 44
551,486,2023-02-14,3,Manager 64
552,28,2020-09-27,2,Manager 31
553,450,2022-02-08,2,Manager 47
554,38,2020-06-20,2,Manager 2
555,119,2020-09-30,4,Manager 96
556,293,2020-09-15,1,Manager 82
557,371,2023-03-04,5,Manager 77
558,244,2021-02-25,1,Manager 69
559,68,2023-12-15,4,Manager 58
560,214,2023-04-24,2,Manager 44
561,218,2020-12-29,3,Manager 74
562,177,2021-01-12,2,Manager 56
563,299,2021-08-02,5,Manager 43
564,164,2022-06-09,3,Manager 89
565,58,2021-12-22,2,Manager 34
566,269,2023-05-04,3,Manager 30
567,308,2022-05-30,1,Manager 71
568,58,2023-01-26,4,Manager 70
569,288,2021-08-27,2,Manager 55
570,465,2020-01-22,5,Manager 67
571,105,2023-04-10,1,Manager 13
572,228,2021-01-17,2,Manager 3
573,247,2020-05-13,1,Manager 26
574,188,2023-12-20,5,Manager 57
575,494,2022-11-14,2,Manager 24
576,83,2021-05-17,5,Manager 53
577,186,2023-04-23,3,Manager 70
578,252,2023-01-13,5,Manager 43
579,355,2020-05-23,3,Manager 60
580,238,2023-12-06,2,Manager 58
581,360,2020-08-11,3,Manager 49
582,184,2020-08-07,2,Manager 42
583,284,2020-06-27,2,Manager 76
584,385,2021-03-08,4,Manager 66
585,426,2020-09-21,2,Manager 11
586,210,2022-08-11,3,Manager 98
587,304,2021-03-04,4,Manager 90
588,296,2021-02-19,4,Manager 18
589,97,2021-12-27,2,Manager 85
590,447,2020-07-15,5,Manager 52
591,460,2022-12-12,5,Manager 46
592,456,2021-04-24,4,Manager 44
593,472,2023-09-15,2,Manager 22
594,208,2023-06-28,5,Manager 53
595,370,2022-06-08,2,Manager 59
596,388,2022-07-13,2,Manager 94
597,422,2020-05-02,4,Manager 30
598,492,2023-11-11,4,Manager 8
599,411,2023-09-24,1,Manager 98
600,137,2022-02-16,5,Manager 57
601,367,2020-12-13,5,Manager 73
602,400,2020-01-29,5,Manager 20
603,184,2022-09-01,3,Manager 25
604,76,2020-02-04,2,Manager 19
605,287,2023-11-20,4,Manager 5
606,472,2021-09-14,5,Manager 75
607,375,2023-08-10,1,Manager 79
608,142,2021-08-11,5,Manager 72
609,237,2023-10-04,2,Manager 83
610,25,2023-03-16,2,Manager 87
611,290,2022-12-26,4,Manager 27
612,67,2022-06-22,3,Manager 40
613,250,2021-06-03,4,Manager 96
614,408,2020-05-01,5,Manager 26
615,118,2020-12-05,1,Manager 27
616,490,2020-06-23,4,Manager 62
617,73,2021-08-19,3,Manager 83
618,282,2021-03-26,4,Manager 50
619,404,2021-07-10,2,Manager 42
620,448,2023-03-05,5,Manager 29
621,360,2022-11-05,5,Manager 39
622,10,2023-09-18,5,Manager 60
623,211,2023-05-03,5,Manager 41
624,323,2020-01-09,5,Manager 33
625,152,2020-11-29,5,Manager 83
626,5,2023-09-18,1,Manager 83
627,195,2022-10-13,3,Manager 97
628,442,2020-11-22,5,Manager 16
629,283,2020-01-15,3,Manager 23
630,464,2022-04-18,5,Manager 7
631,113,2020-08-13,4,Manager 26
632,271,2023-12-19,5,Manager 96
633,163,2023-12-02,2,Manager 12
634,460,2020-04-22,1,Manager 72
635,105,2023-12-22,4,Manager 5
636,181,2020-01-01,4,Manager 92
637,44,2020-09-22,2,Manager 69
638,282,2023-05-16,5,Manager 49
639,175,2022-08-09,1,Manager 26
640,162,2023-10-24,4,Manager 5
641,471,2020-11-01,1,Manager 22
642,351,2020-01-12,4,Manager 79
643,434,2023-09-30,5,Manager 13
644,340,2023-10-23,4,Manager 28
645,140,2022-07-25,4,Manager 33
646,471,2021-02-23,3,Manager 23
647,132,2022-06-07,5,Manager 97
648,87,2020-06-19,2,Manager 18
649,176,2020-05-13,2,Manager 30
650,183,2022-08-22,5,Manager 26
651,368,2023-12-21,2,Manager 16
652,129,2022-11-14,5,Manager 77
653,246,2023-04-28,2,Manager 39
654,89,2023-03-10,3,Manager 33
655,66,2021-10-19,2,Manager 26
656,158,2023-08-31,4,Manager 48
657,387,2023-09-04,5,Manager 65
658,378,2023-01-20,1,Manager 38
659,149,2020-06-27,1,Manager 2
660,473,2022-12-15,5,Manager 6
661,340,2023-03-24,3,Manager 46
662,433,2020-04-20,2,Manager 50
663,116,2020-05-16,3,Manager 38
664,214,2020-08-19,1,Manager 88
665,469,2022-09-18,5,Manager 18
666,446,2021-04-12,5,Manager 27
667,481,2022-01-01,3,Manager 41
668,372,2021-04-25,3,Manager 72
669,294,2022-12-27,2,Manager 92
670,253,2022-03-24,4,Manager 74
671,143,2023-06-26,4,Manager 17
672,250,2022-09-20,2,Manager 62
673,366,2020-11-18,4,Manager 29
674,436,2022-07-10,1,Manager 58
675,463,2022-06-22,4,Manager 70
676,302,2023-12-26,2,Manager 78
677,25,2021-08-28,4,Manager 22
678,277,2021-03-04,5,Manager 6
679,472,2023-07-16,3,Manager 26
680,377,2020-05-27,1,Manager 39
681,378,2023-02-15,5,Manager 12
682,389,2022-04-29,5,Manager 99
683,70,2021-01-01,2,Manager 14
684,113,2022-04-29,3,Manager 22
685,363,2022-12-25,3,Manager 51
686,112,2022-03-23,1,Manager 23
687,364,2023-10-25,2,Manager 48
688,303,2020-06-23,1,Manager 71
689,471,2021-08-10,4,Manager 50
690,452,2021-05-09,5,Manager 89
691,91,2022-08-30,1,Manager 13
692,18,2023-02-11,5,Manager 85
693,149,2023-02-08,2,Manager 10
694,476,2023-03-16,4,Manager 55
695,227,2020-02-04,2,Manager 9
696,214,2022-09-25,4,Manager 79
697,360,2023-08-25,4,Manager 52
698,151,2021-06-21,5,Manager 2
699,192,2022-01-19,2,Manager 25
700,451,2022-11-03,2,Manager 13
701,40,2021-01-08,1,Manager 98
702,242,2021-07-10,2,Manager 51
703,138,2023-12-22,1,Manager 58
704,345,2020-08-20,3,Manager 34
705,180,2021-12-05,3,Manager 35
706,497,2021-07-16,3,Manager 3
707,200,2022-07-27,2,Manager 59
708,203,2022-06-05,2,Manager 70
709,61,2021-12-26,1,Manager 48
710,192,2023-07-22,4,Manager 64
711,5,2020-03-16,1,Manager 19
712,378,2021-03-14,3,Manager 67
713,237,2021-11-29,1,Manager 82
714,181,2023-08-05,4,Manager 73
715,311,2022-07-03,2,Manager 76
716,37,2022-06-09,1,Manager 5
717,56,2021-11-22,3,Manager 67
718,443,2020-09-09,3,Manager 11
719,237,2023-02-23,2,Manager 94
720,358,2023-04-15,1,Manager 68
721,349,2022-11-26,4,Manager 69
722,197,2021-02-13,2,Manager 1
723,73,2020-05-06,1,Manager 91
724,59,2023-04-06,5,Manager 92
725,240,2021-08-14,3,Manager 63
726,2,2020-10-20,4,Manager 29
727,449,2023-09-28,4,Manager 82
728,360,2022-10-16,4,Manager 12
729,188,2020-11-05,3,Manager 77
730,307,2021-10-23,1,Manager 41
731,30,2021-06-11,2,Manager 2
732,267,2021-06-23,1,Manager 37
733,476,2021-02-22,2,Manager 45
734,108,2021-03-19,4,Manager 80
735,332,2021-11-15,1,Manager 48
736,423,2022-04-19,4,Manager 24
737,90,2020-08-23,5,Manager 99
738,205,2020-08-01,4,Manager 22
739,379,2020-03-25,4,Manager 11
740,456,2022-03-04,2,Manager 58
741,447,2020-03-25,5,Manager 46
742,448,2020-03-05,4,Manager 29
743,445,2021-10-24,4,Manager 35
744,381,2021-09-18,5,Manager 15
745,438,2020-03-04,5,Manager 60
746,220,2023-09-28,1,Manager 95
747,378,2022-07-27,2,Manager 42
748,94,2022-07-07,5,Manager 43
749,457,2023-10-07,5,Manager 80
750,103,2023-03-27,3,Manager 74
751,223,2021-05-05,5,Manager 49
752,186,2023-06-02,2,Manager 64
753,469,2020-11-08,4,Manager 32
754,184,2021-09-06,4,Manager 64
755,495,2022-07-07,4,Manager 2
756,162,2022-03-23,4,Manager 24
757,247,2022-07-28,3,Manager 87
758,31,2023-01-16,5,Manager 66
759,52,2023-08-19,4,Manager 38
760,345,2021-11-10,1,Manager 31
761,76,2021-03-10,4,Manager 26
762,385,2021-11-12,5,Manager 29
763,439,2023-03-04,4,Manager 67
764,278,2022-12-09,3,Manager 78
765,40,2023-12-26,2,Manager 25
766,101,2020-12-05,2,Manager 48
767,111,2020-12-12,5,Manager 65
768,385,2021-10-07,2,Manager 53
769,321,2023-10-02,2,Manager 67
770,249,2021-10-10,1,Manager 90
771,191,2020-09-01,5,Manager 18
772,490,2020-04-18,5,Manager 9
773,182,2021-06-16,2,Manager 38
774,426,2023-01-18,2,Manager 87
775,405,2020-10-22,2,Manager 21
776,335,2020-04-21,3,Manager 65
777,209,2023-04-15,4,Manager 21
778,22,2020-12-08,3,Manager 27
779,166,2020-04-10,5,Manager 70
780,99,2021-09-20,1,Manager 44
781,493,2023-11-25,4,Manager 28
782,208,2020-01-28,1,Manager 45
783,8,2022-07-25,5,Manager 17
784,190,2020-02-27,5,Manager 40
785,175,2020-10-23,1,Manager 3
786,273,2020-05-13,1,Manager 76
787,17,2023-09-16,1,Manager 76
788,90,2020-09-05,5,Manager 66
789,141,2022-10-17,2,Manager 46
790,145,2021-07-03,1,Manager 86
791,166,2022-06-20,4,Manager 87
792,337,2023-01-03,5,Manager 30
793,496,2022-04-13,3,Manager 69
794,78,2023-04-06,3,Manager 9
795,429,2022-02-09,4,Manager 85
796,262,2023-10-10,2,Manager 11
797,163,2023-06-02,1,Manager 69
798,366,2020-05-25,5,Manager 99
799,14,2023-06-18,1,Manager 91
800,239,2022-06-11,5,Manager 66
801,72,2020-12-09,3,Manager 88
802,445,2022-11-24,1,Manager 31
803,143,2021-12-02,4,Manager 33
804,310,2020-01-01,2,Manager 39
805,283,2020-06-01,4,Manager 94
806,269,2021-03-04,2,Manager 46
807,241,2021-05-22,1,Manager 37
808,415,2023-02-23,1,Manager 92
809,245,2021-05-05,2,Manager 60
810,163,2020-12-10,3,Manager 31
811,60,2020-08-08,5,Manager 11
812,6,2021-12-23,4,Manager 87
813,197,2022-11-14,4,Manager 2
814,470,2021-06-11,4,Manager 27
815,58,2023-04-20,1,Manager 99
816,305,2022-04-20,4,Manager 2
817,407,2022-12-01,5,Manager 21
818,217,2021-04-25,5,Manager 58
819,418,2022-07-18,2,Manager 5
820,26,2022-05-21,1,Manager 52
821,303,2023-11-26,5,Manager 45
822,5,2020-12-10,3,Manager 85
823,474,2020-02-14,1,Manager 93
824,20,2020-01-21,1,Manager 20
825,390,2022-12-29,5,Manager 61
826,198,2022-05-22,3,Manager 38
827,59,2020-02-17,2,Manager 20
828,448,2021-07-04,5,Manager 25
829,242,2020-10-13,3,Manager 2
830,146,2022-09-28,1,Manager 32
831,388,2022-10-30,3,Manager 26
832,273,2021-06-25,1,Manager 70
833,249,2022-01-25,5,Manager 41
834,14,2020-09-30,5,Manager 67
835,462,2022-08-13,4,Manager 97
836,13,2021-08-22,4,Manager 1
837,391,2021-01-15,4,Manager 51
838,384,2023-09-14,5,Manager 5
839,44,2021-04-23,2,Manager 13
840,375,2020-01-15,5,Manager 19
841,399,2021-05-30,3,Manager 12
842,19,2020-07-09,5,Manager 48
843,63,2023-04-06,5,Manager 25
844,491,2021-09-12,1,Manager 57
845,239,2023-03-06,1,Manager 35
846,492,2020-06-02,1,Manager 76
847,419,2023-11-12,5,Manager 94
848,337,2023-05-17,2,Manager 5
849,419,2020-09-28,3,Manager 98
850,403,2020-05-22,3,Manager 22
851,404,2022-12-28,2,Manager 77
852,100,2020-09-03,2,Manager 57
853,163,2023-07-08,3,Manager 47
854,416,2022-02-26,4,Manager 54
855,122,2020-03-19,1,Manager 3
856,432,2021-09-14,1,Manager 53
857,44,2021-06-08,3,Manager 84
858,360,2022-02-10,2,Manager 31
859,408,2022-07-26,4,Manager 69
860,317,2023-09-15,3,Manager 88
861,381,2023-04-27,1,Manager 33
862,145,2023-01-23,5,Manager 72
863,327,2021-09-08,2,Manager 88
864,363,2022-10-28,5,Manager 50
865,50,2020-03-07,3,Manager 84
866,65,2020-07-09,1,Manager 16
867,355,2023-10-21,4,Manager 76
868,288,2022-02-06,5,Manager 77
869,164,2021-06-04,4,Manager 39
870,141,2022-09-16,1,Manager 89
871,454,2023-02-14,5,Manager 46
872,314,2020-09-23,4,Manager 96
873,128,2021-04-29,4,Manager 88
874,398,2023-08-14,5,Manager 47
875,421,2023-04-02,1,Manager 44
876,368,2021-01-10,4,Manager 9
877,463,2021-10-14,3,Manager 87
878,239,2023-07-15,5,Manager 50
879,324,2021-07-02,2,Manager 77
880,296,2023-01-02,2,Manager 60
881,187,2020-03-13,1,Manager 96
882,208,2020-11-03,3,Manager 15
883,220,2020-07-17,4,Manager 36
884,400,2023-02-27,2,Manager 63
885,190,2021-07-25,1,Manager 69
886,388,2022-03-01,3,Manager 86
887,429,2023-03-20,3,Manager 80
888,346,2023-05-14,1,Manager 41
889,284,2020-06-27,1,Manager 74
890,352,2020-07-15,4,Manager 24
891,237,2022-01-04,1,Manager 82
892,194,2020-03-29,4,Manager 49
893,287,2022-03-09,4,Manager 18
894,259,2023-12-28,5,Manager 7
895,246,2022-02-26,3,Manager 4
896,136,2022-01-17,3,Manager 90
897,280,2023-04-21,3,Manager 69
898,271,2020-07-27,5,Manager 60
899,171,2021-05-07,4,Manager 55
900,159,2023-02-27,4,Manager 16
901,201,2021-10-26,1,Manager 99
902,487,2022-11-02,5,Manager 90
903,45,2022-05-20,1,Manager 82
904,450,2022-01-01,5,Manager 29
905,264,2023-02-03,1,Manager 23
906,71,2023-10-30,2,Manager 14
907,364,2021-11-28,3,Manager 79
908,371,2023-01-27,3,Manager 49
909,103,2021-08-16,4,Manager 33
910,490,2022-06-04,2,Manager 25
911,125,2022-05-01,3,Manager 21
912,313,2023-04-30,4,Manager 17
913,464,2020-11-20,2,Manager 23
914,483,2022-09-05,3,Manager 57
915,286,2022-08-13,1,Manager 81
916,458,2022-06-12,5,Manager 58
917,230,2023-10-22,2,Manager 14
918,146,2023-09-03,4,Manager 93
919,370,2020-05-23,2,Manager 20
920,197,2021-01-18,4,Manager 30
921,373,2020-08-03,2,Manager 19
922,221,2023-10-16,4,Manager 53
923,423,2020-11-19,3,Manager 56
924,60,2022-11-04,1,Manager 77
925,98,2020-08-04,3,Manager 82
926,171,2022-08-08,1,Manager 23
927,382,2020-07-01,3,Manager 62
928,173,2020-09-26,3,Manager 33
929,151,2022-08-02,2,Manager 18
930,453,2022-05-19,5,Manager 73
931,350,2021-04-11,4,Manager 33
932,390,2020-10-31,4,Manager 32
933,440,2023-03-13,4,Manager 61
934,122,2020-04-20,1,Manager 54
935,494,2022-10-10,4,Manager 17
936,108,2020-08-19,4,Manager 19
937,4,2021-08-17,2,Manager 91
938,93,2023-07-20,3,Manager 70
939,407,2020-06-21,4,Manager 99
940,6,2022-08-30,5,Manager 34
941,288,2022-10-27,4,Manager 84
942,106,2023-03-24,1,Manager 25
943,146,2021-06-29,1,Manager 68
944,271,2021-07-01,1,Manager 74
945,424,2021-06-01,4,Manager 74
946,378,2022-07-02,2,Manager 88
947,96,2020-08-02,5,Manager 85
948,457,2020-05-13,4,Manager 11
949,229,2020-10-11,2,Manager 91
950,202,2023-02-23,2,Manager 16
951,212,2021-11-16,4,Manager 90
952,6,2023-03-21,4,Manager 61
953,112,2020-11-26,2,Manager 94
954,376,2023-11-07,2,Manager 80
955,379,2023-02-12,2,Manager 7
956,447,2022-06-12,4,Manager 16
957,323,2023-07-31,2,Manager 99
958,106,2022-06-17,1,Manager 16
959,139,2023-01-03,4,Manager 40
960,299,2023-04-04,1,Manager 12
961,401,2023-04-27,3,Manager 35
962,96,2020-03-18,4,Manager 21
963,388,2022-08-04,3,Manager 50
964,447,2021-11-18,2,Manager 43
965,452,2020-01-21,2,Manager 17
966,337,2021-07-19,5,Manager 32
967,297,2023-04-22,2,Manager 41
968,467,2023-05-30,3,Manager 6
969,389,2022-04-06,2,Manager 88
970,416,2023-09-13,4,Manager 27
971,214,2020-06-27,2,Manager 20
972,454,2023-02-09,5,Manager 25
973,291,2022-12-18,2,Manager 66
974,22,2023-09-12,3,Manager 9
975,193,2022-06-23,3,Manager 92
976,468,2021-10-30,2,Manager 53
977,150,2020-07-09,3,Manager 61
978,368,2023-05-08,3,Manager 38
979,247,2023-08-28,5,Manager 3
980,267,2021-12-08,4,Manager 84
981,461,2022-11-24,5,Manager 70
982,251,2021-01-13,1,Manager 97
983,490,2021-01-21,5,Manager 55
984,3,2020-08-24,2,Manager 1
985,393,2021-09-07,4,Manager 70
986,316,2020-10-09,2,Manager 45
987,76,2020-01-01,1,Manager 98
988,87,2021-04-08,4,Manager 47
989,270,2023-06-07,3,Manager 79
990,225,2022-08-24,5,Manager 26
991,18,2020-06-20,2,Manager 14
992,113,2023-01-15,1,Manager 54
993,251,2023-02-20,3,Manager 71
994,233,2022-04-22,5,Manager 46
995,329,2023-08-14,3,Manager 31
996,279,2021-11-20,5,Manager 88
997,202,2021-07-28,4,Manager 59
998,83,2020-06-13,3,Manager 95
999,125,2021-01-17,3,Manager 29
1000,175,2020-07-27,3,Manager 96
